2026-03-31_16-10-51,0,main.go:2026-03-31_16-10-51
2026-03-31_16-11-57,0,main.go:2026-03-31_16-11-57
2026-03-31_16-14-23,0,main.go:2026-03-31_16-14-23
2026-03-31_16-15-04,0,main.go:2026-03-31_16-15-04
2026-03-31_16-16-57,0,main.go:2026-03-31_16-16-57
2026-03-31_16-17-21,0,main.go:2026-03-31_16-17-21
2026-03-31_16-20-38,16,main.go:2026-03-31_16-20-38
2026-03-31_16-27-35,16,main.go:2026-03-31_16-27-35
2026-03-31_16-29-47,16,main.go:2026-03-31_16-29-47
2026-03-31_16-30-32,16,main.go:2026-03-31_16-30-32
2026-03-31_16-30-54,---,main.go:2026-03-31_16-30-32
2026-03-31_16-55-26,16,main.go:2026-03-31_16-30-32
2026-04-01_10-41-57,16,main.go:2026-03-31_16-30-32
2026-04-01_10-43-47,16,main.go:2026-04-01_10-43-47
2026-04-01_10-44-08,16,main.go:2026-04-01_10-44-08
2026-04-01_10-50-24,33,main.go:2026-04-01_10-50-24
2026-04-01_10-57-44,33,main.go:2026-04-01_10-57-44
2026-04-01_11-51-04,0,main.go:2026-04-01_11-51-04
2026-04-01_11-52-52,33,main.go:2026-04-01_11-52-52
2026-04-01_11-59-27,50,main.go:2026-04-01_11-59-27
2026-04-01_12-01-05,66,main.go:2026-04-01_12-01-05
2026-04-01_12-30-59,0,main.go:2026-04-01_12-30-59
2026-04-01_13-16-23,66,main.go:2026-04-01_13-16-23
2026-04-01_19-15-07,66,main.go:2026-04-01_13-16-23
2026-04-02_18-42-49,0,main.go:2026-04-02_18-42-49
2026-04-02_18-45-00,66,main.go:2026-04-02_18-45-00
2026-04-02_18-45-51,83,main.go:2026-04-02_18-45-51
2026-04-02_18-46-32,100,main.go:2026-04-02_18-46-32
