2026-03-31_09-35-44,0,main.go:2026-03-31_09-35-44
2026-03-31_09-38-44,0,main.go:2026-03-31_09-38-44
2026-03-31_09-39-02,0,main.go:2026-03-31_09-39-02
2026-03-31_09-39-29,0,main.go:2026-03-31_09-39-29
2026-03-31_09-41-03,0,main.go:2026-03-31_09-41-03
2026-03-31_09-44-42,0,main.go:2026-03-31_09-44-42
2026-03-31_09-45-14,0,main.go:2026-03-31_09-45-14
2026-03-31_09-46-53,0,main.go:2026-03-31_09-46-53
2026-03-31_09-47-20,0,main.go:2026-03-31_09-47-20
2026-03-31_09-49-54,0,main.go:2026-03-31_09-49-54
2026-03-31_09-51-05,100,main.go:2026-03-31_09-51-05
2026-03-31_09-51-15,---,main.go:2026-03-31_09-51-05
