2026-05-08_22-02-18,0,main.go:2026-05-08_22-02-18
2026-05-08_22-03-44,0,main.go:2026-05-08_22-03-44
2026-05-08_22-04-22,0,main.go:2026-05-08_22-04-22
2026-05-08_22-04-44,0,main.go:2026-05-08_22-04-44
2026-05-08_22-05-14,0,main.go:2026-05-08_22-05-14
2026-05-09_14-14-11,0,main.go:2026-05-08_22-05-14
2026-05-09_14-23-03,0,main.go:2026-05-09_14-23-03
2026-05-09_14-23-15,0,main.go:2026-05-09_14-23-15
2026-05-09_14-25-01,0,main.go:2026-05-09_14-25-01
2026-05-09_14-25-18,0,main.go:2026-05-09_14-25-18
2026-05-09_14-25-23,---,main.go:2026-05-09_14-25-18
2026-05-09_14-29-08,0,main.go:2026-05-09_14-29-08
2026-05-09_14-29-18,16,main.go:2026-05-09_14-29-18
2026-05-09_14-34-04,0,main.go:2026-05-09_14-34-04
2026-05-09_14-34-37,33,main.go:2026-05-09_14-34-37
2026-05-09_14-52-59,0,main.go:2026-05-09_14-52-59
2026-05-09_14-53-19,33,main.go:2026-05-09_14-53-19
2026-05-09_14-54-17,33,main.go:2026-05-09_14-54-17
2026-05-09_14-55-04,33,main.go:2026-05-09_14-55-04
2026-05-09_14-55-19,33,main.go:2026-05-09_14-55-19
2026-05-09_14-55-38,50,main.go:2026-05-09_14-55-38
2026-05-09_15-00-45,66,main.go:2026-05-09_15-00-45
2026-05-09_15-10-19,66,main.go:2026-05-09_15-10-19
2026-05-09_15-11-11,66,main.go:2026-05-09_15-11-11
2026-05-09_15-11-29,66,main.go:2026-05-09_15-11-29
2026-05-09_15-12-21,66,main.go:2026-05-09_15-12-21
2026-05-09_15-13-29,83,main.go:2026-05-09_15-13-29
2026-05-09_15-22-11,83,main.go:2026-05-09_15-22-11
2026-05-09_15-22-45,83,main.go:2026-05-09_15-22-45
2026-05-09_15-27-56,100,main.go:2026-05-09_15-27-56
