2026-05-10_16-03-27,14,main.go:2026-05-10_16-03-27
2026-05-10_16-04-19,14,main.go:2026-05-10_16-04-19
2026-05-10_16-15-04,14,main.go:2026-05-10_16-15-04
2026-05-10_16-20-09,14,main.go:2026-05-10_16-20-09
2026-05-10_16-22-29,14,main.go:2026-05-10_16-22-29
2026-05-10_16-26-28,42,main.go:2026-05-10_16-26-28
2026-05-10_16-28-36,42,main.go:2026-05-10_16-28-36
2026-05-10_16-30-56,57,main.go:2026-05-10_16-30-56
2026-05-10_16-34-41,57,main.go:2026-05-10_16-34-41
2026-05-10_16-35-29,71,main.go:2026-05-10_16-35-29
2026-05-10_16-37-59,71,main.go:2026-05-10_16-37-59
2026-05-10_16-39-58,71,main.go:2026-05-10_16-39-58
2026-05-10_16-41-07,71,main.go:2026-05-10_16-41-07
2026-05-10_16-42-50,71,main.go:2026-05-10_16-42-50
2026-05-10_16-42-59,---,main.go:2026-05-10_16-42-50
2026-05-10_16-45-10,71,main.go:2026-05-10_16-45-10
2026-05-10_16-46-49,85,main.go:2026-05-10_16-46-49
2026-05-10_16-50-33,85,main.go:2026-05-10_16-50-33
2026-05-10_16-50-39,85,main.go:2026-05-10_16-50-39
2026-05-10_16-51-22,85,main.go:2026-05-10_16-51-22
2026-05-10_16-51-56,85,main.go:2026-05-10_16-51-56
2026-05-10_16-53-22,100,main.go:2026-05-10_16-53-22
